Bildname,Maskengröße (weiße Pixel),white_pixel_percentage
ADE_train_00003173.jpg,8457,4.5104
ADE_train_00023741.jpg,19368,0.601752314670975
ADE_train_00022732.jpg,159556,22.846980388563047
ADE_train_00001504.jpg,2248,1.35015015015015
ADE_frame_00000204.jpg,12808,4.815037593984963
ADE_train_00003171.jpg,5419,4.07272126022126
ADE_train_00012219.jpg,16221,7.761244019138756
ADE_train_00001961.jpg,186580,5.699535679374389
ADE_train_00024430.jpg,165606,10.815438871473354
ADE_train_00001716.jpg,15275,8.168449197860962
ADE_train_00001676.jpg,2712,1.5694444444444444
ADE_train_00001758.jpg,21087,13.571332033286351
ADE_train_00001561.jpg,58078,12.614573287808097
ADE_train_00022769.jpg,54937,6.9856007893880205
ADE_train_00022744.jpg,95956,31.235677083333336
ADE_frame_00000203.jpg,146656,4.040110192837465
ADE_train_00012246.jpg,4823,2.9054216867469878
ADE_train_00001522.jpg,54615,1.685336048879837
ADE_train_00002378.jpg,106641,2.9377685950413226
ADE_train_00023725.jpg,32097,4.0813446044921875
ADE_train_00005280.jpg,13467,17.53515625
ADE_train_00001763.jpg,9615,11.87037037037037
ADE_train_00012220.jpg,10300,5.493333333333333
ADE_train_00016340.jpg,709,1.1846282372598163
ADE_train_00019507.jpg,3177,4.834733382030679
ADE_train_00003093.jpg,5510,8.4075927734375
ADE_train_00002042.jpg,114870,6.2456502827316225
ADE_train_00012286.jpg,2099,3.20281982421875
ADE_train_00023671.jpg,15762,4.0766604593420235
ADE_train_00020088.jpg,9563,17.447546068235724
ADE_train_00022041.jpg,55735,28.692406692406692
ADE_train_00001635.jpg,613147,19.4914182027181
ADE_train_00019095.jpg,141545,17.998377482096352
ADE_train_00008819.jpg,101574,9.41054176348294
ADE_train_00012185.jpg,11208,17.10205078125
ADE_train_00022681.jpg,82024,11.762343979441997
ADE_train_00015457.jpg,42009,17.50375
ADE_train_00022684.jpg,148762,18.296648693324936
ADE_train_00001222.jpg,9570,5.104
ADE_train_00008798.jpg,10417,15.89508056640625
ADE_train_00001746.jpg,27652,9.512211902304783
ADE_train_00025047.jpg,49738,6.324513753255208
ADE_train_00002031.jpg,594983,16.55121286302437
ADE_train_00001240.jpg,17455,0.5548795064290364
ADE_train_00022698.jpg,114212,16.282504562043794
ADE_train_00009373.jpg,288391,9.16770299275716
ADE_train_00011721.jpg,34561,3.472322691615226
ADE_frame_00000210.jpg,19513,11.150285714285713
ADE_train_00001735.jpg,14029,8.659876543209876
ADE_train_00002056.jpg,167594,13.638834635416666
ADE_train_00019017.jpg,2217,2.7957124842370744
ADE_train_00001726.jpg,16110,19.429067621838705
ADE_train_00022999.jpg,34419,4.892537313432835
ADE_train_00001720.jpg,1503,2.112497891718671
ADE_train_00001346.jpg,14797,6.04393360128092
ADE_train_00001787.jpg,99656,6.335957845052083
ADE_frame_00000267.jpg,221465,8.131333529152592
ADE_train_00006419.jpg,1259,1.6089456869009584
ADE_train_00004842.jpg,1597,2.7587755666113876
ADE_train_00019603.jpg,1428,2.6410697442157245
ADE_train_00012252.jpg,11308,6.517579250720461
ADE_train_00002372.jpg,1582,2.0560407569141197
ADE_train_00022695.jpg,69813,9.923836653930131
ADE_train_00002423.jpg,179591,14.615152994791666
ADE_frame_00000015.jpg,109815,7.335671342685371
ADE_train_00004251.jpg,70202,35.70658365885417
ADE_train_00002390.jpg,5659,4.05663082437276
ADE_train_00005541.jpg,3313,3.7446452590055723
ADE_train_00022700.jpg,169444,24.334214154411764
ADE_train_00001713.jpg,305191,8.407465564738292
ADE_train_00001554.jpg,47757,13.576972281449892
ADE_train_00024549.jpg,70860,11.649700126262626
ADE_train_00009972.jpg,5845,8.91876220703125
ADE_train_00002396.jpg,3264,6.008283479061205
ADE_train_00001822.jpg,12127,7.895182291666666
ADE_train_00004399.jpg,11050,5.51948051948052
ADE_train_00012289.jpg,2569,1.6890203813280737
ADE_train_00002279.jpg,184645,13.119526277421015
ADE_frame_00000302.jpg,25549,9.133809287177488
ADE_train_00002059.jpg,138388,11.262044270833334
ADE_train_00001759.jpg,7003,5.863931337659619
ADE_train_00023815.jpg,128042,3.5273278236914596
ADE_train_00001552.jpg,2458,0.6688435374149659
ADE_train_00008815.jpg,16297,24.86724853515625
ADE_train_00024551.jpg,19237,2.7586098109397947
ADE_train_00001649.jpg,319795,30.79879730645957
ADE_train_00001633.jpg,79879,10.157140096028645
ADE_train_00016147.jpg,383060,14.598323170731708
ADE_train_00015772.jpg,6210,6.388888888888888
ADE_train_00001728.jpg,8327,12.693597560975608
ADE_train_00012248.jpg,4800,2.5483658603920234
ADE_train_00012213.jpg,7172,3.7846965699208446
ADE_train_00011596.jpg,2203,2.8684895833333335
ADE_train_00001949.jpg,59587,1.6415151515151514
ADE_train_00002200.jpg,17346,9.251199999999999
ADE_train_00010920.jpg,5213,9.033409579261107
ADE_train_00007695.jpg,78415,2.5725085558914924
ADE_train_00010068.jpg,17883,16.74438202247191
ADE_train_00001562.jpg,46967,39.13916666666667
ADE_train_00007682.jpg,7471,1.6662206164414113
ADE_train_00002461.jpg,12211,12.734117548909191
ADE_train_00022240.jpg,51021,61.68214130277093
ADE_train_00019200.jpg,379919,30.917887369791668
ADE_train_00010766.jpg,64137,3.93807102858827
ADE_train_00001502.jpg,25901,11.375054896794028
ADE_train_00010062.jpg,108230,9.943689482731534
ADE_train_00019144.jpg,24201,40.537688442211056
ADE_train_00001663.jpg,1729,3.05207413945278
ADE_frame_00000292.jpg,2026,0.9495688038995125
ADE_train_00001727.jpg,9718,16.19666666666667
ADE_train_00001750.jpg,57860,30.858666666666668
ADE_train_00002287.jpg,11121,6.120056792542126
ADE_train_00022701.jpg,123774,17.64570027372263
ADE_train_00009354.jpg,35711,4.121382927034753
ADE_train_00011720.jpg,13943,18.154947916666668
ADE_train_00002351.jpg,11341,6.480571428571428
ADE_train_00002381.jpg,2597,3.96270751953125
ADE_train_00012227.jpg,21406,2.552417200854701
ADE_frame_00000268.jpg,23759,10.126156075523165
ADE_train_00019508.jpg,1141,0.9508333333333334
ADE_train_00001765.jpg,5715,6.836124401913876
ADE_train_00001490.jpg,9250,7.806565954932906
ADE_train_00019290.jpg,4755,7.25555419921875
ADE_train_00024826.jpg,683962,26.059666234854834
ADE_train_00002172.jpg,4962,2.6464000000000003
ADE_train_000432.jpg,7453,3.974933333333333
ADE_train_00012270.jpg,134047,4.153405217822396
ADE_train_00001753.jpg,15938,11.805925925925925
ADE_train_00020206.jpg,187556,12.470478723404256
ADE_train_00022735.jpg,350572,50.12525164714495
ADE_train_00009812.jpg,2979,1.7306887897378695
ADE_train_00019145.jpg,15979,4.00179315595448
ADE_train_00002386.jpg,831,1.26800537109375
ADE_train_00001773.jpg,17073,13.213066796684544
ADE_train_00002174.jpg,66158,35.28426666666667
ADE_train_00019509.jpg,17326,5.639973958333333
ADE_train_00019512.jpg,25227,10.512301230123013
ADE_train_00001788.jpg,3806,5.583920187793427
ADE_train_00002417.jpg,20535,13.47105052545953
ADE_train_00001761.jpg,22341,9.355527638190955
ADE_train_00001689.jpg,1974,2.1933333333333334
ADE_train_00001657.jpg,2551,1.2653769841269842
ADE_train_00000651.jpg,26243,6.162252534241911
ADE_train_00001824.jpg,10286,3.348307291666667
ADE_train_00002293.jpg,4865,8.735545500251382
ADE_train_00020241.jpg,140382,7.3115625
ADE_train_00008801.jpg,19889,30.34820556640625
ADE_train_00002192.jpg,26021,13.877866666666666
ADE_train_00023669.jpg,116928,16.916666666666664
ADE_train_00006613.jpg,36532,3.2494985479014615
ADE_train_00002140.jpg,2416,4.108843537414966
ADE_train_00001667.jpg,8845,6.1
ADE_train_00000663.jpg,192166,6.536258503401362
ADE_train_00011594.jpg,4958,6.455729166666667
ADE_train_00019021.jpg,628,0.8339973439575034
ADE_train_00002291.jpg,3569,4.113646841862609
ADE_train_00019098.jpg,1329,2.1790457452041316
ADE_train_00004242.jpg,120741,9.825927734375
ADE_train_00020087.jpg,31040,17.77859237536657
ADE_train_00001760.jpg,9933,8.533505154639174
ADE_train_00022685.jpg,63959,20.819986979166664
ADE_train_00022678.jpg,65090,9.306654923133236
ADE_train_00024113.jpg,399487,50.79739888509115
ADE_train_00000555.jpg,13947,21.28143310546875
ADE_train_00001767.jpg,20383,26.540364583333332
ADE_train_00013814.jpg,79695,2.26264834478451
ADE_train_00019294.jpg,126529,16.088994344075523
ADE_train_00021742.jpg,7458,3.9776
ADE_train_00010111.jpg,204641,5.613677511384211
ADE_train_00011671.jpg,82262,6.694498697916666
ADE_train_00001500.jpg,50940,2.4257142857142857
ADE_train_00001802.jpg,38056,4.732744683497078
ADE_train_00012247.jpg,9579,4.777556109725686
ADE_train_00011663.jpg,64657,21.047200520833336
ADE_train_00012228.jpg,11662,6.219733333333333
ADE_train_00021165.jpg,8691,3.017708333333333
ADE_train_00001757.jpg,15294,11.132948986722571
ADE_frame_00000028.jpg,15234,6.331670822942644
ADE_train_00002048.jpg,1014895,31.446210571977446
ADE_train_00022697.jpg,177771,22.604751586914062
ADE_train_00001741.jpg,303302,15.796979166666667
ADE_train_00022987.jpg,344032,49.190153733528554
ADE_train_00001698.jpg,31066,17.316610925306577
ADE_train_00023738.jpg,258550,11.309436325970717
ADE_train_00006624.jpg,71147,3.705572916666667
ADE_train_00022932.jpg,296587,15.51187238493724
ADE_train_00001711.jpg,35911,19.15253333333333
ADE_train_00022635.jpg,2978,0.37867228190104163
ADE_train_00000664.jpg,51752,5.390833333333333
ADE_train_00004951.jpg,2279,1.8991666666666667
ADE_train_00002462.jpg,1325534,36.51608815426997
ADE_train_00011716.jpg,6760,8.802083333333334
ADE_train_00001694.jpg,49612,3.2168793443303247
ADE_train_00001816.jpg,57226,2.9805208333333333
ADE_train_00022683.jpg,141109,20.41507523148148
ADE_train_00000656.jpg,6006,0.8549904336734695
ADE_frame_00000180.jpg,104390,35.9469696969697
ADE_train_00002388.jpg,5656,8.63037109375
ADE_train_00012223.jpg,2951,1.6486033519553072
ADE_train_00000667.jpg,49839,11.688320825515948
ADE_train_00001688.jpg,281908,8.681571815718158
ADE_train_00001762.jpg,21889,34.09501557632399
ADE_train_00016762.jpg,1608,2.45361328125
ADE_train_00012271.jpg,71874,9.139251708984375
ADE_train_00003182.jpg,7483,11.41815185546875
ADE_train_00009805.jpg,2243,0.4052393857271906
ADE_train_00019281.jpg,8314,4.4341333333333335
ADE_train_00003095.jpg,1353,2.06451416015625
ADE_train_00022692.jpg,73866,10.639345962389381
ADE_train_00022703.jpg,241775,6.660468319559229
ADE_train_00023137.jpg,155944,22.297080893118597
ADE_train_00001550.jpg,19431,22.940968122786305
ADE_train_00015459.jpg,132194,30.68228238265003
ADE_train_00012249.jpg,12317,9.123703703703704
ADE_train_00020209.jpg,57354,4.8000441891294745
ADE_train_00023726.jpg,14838,3.09125
ADE_train_00020208.jpg,287809,7.928622589531681
ADE_train_00024475.jpg,105889,15.140150301976574
ADE_train_00004952.jpg,319712,10.163370768229168
ADE_train_00022705.jpg,8005,1.3595448369565217
ADE_train_00010999.jpg,21363,6.155774550484095
ADE_train_00011664.jpg,97387,2.682837465564738
ADE_train_00022682.jpg,464499,29.67191542368009
ADE_train_00007484.jpg,4111,6.851666666666667
ADE_train_00001704.jpg,12997,10.878426449047918
ADE_train_00001336.jpg,10746,3.498046875
ADE_train_00015456.jpg,176283,26.86524174191336
ADE_train_00001987.jpg,19685,8.087842557212705
ADE_train_00024476.jpg,44084,5.354574782338308
ADE_train_00001774.jpg,16091,25.61363853427143
ADE_train_00001697.jpg,351955,9.695730027548208
ADE_train_00003161.jpg,4995,4.642193308550186
ADE_train_00012243.jpg,2635,1.5825825825825826
ADE_train_00019094.jpg,2529,1.4759436935359618
ADE_train_00005328.jpg,440274,13.003544214070532
ADE_train_00020247.jpg,215542,8.071131947590928
ADE_train_00002405.jpg,8099,8.880482456140351
ADE_train_00002346.jpg,13750,11.906926800543822
ADE_train_00001489.jpg,32498,18.054444444444446
ADE_frame_00000061.jpg,15042,6.4569024725274735
ADE_train_00022727.jpg,10188,1.4631204044117647
ADE_train_00024577.jpg,30198,9.830078125
ADE_train_00001701.jpg,22771,14.916153543822874
ADE_train_00001498.jpg,162674,4.481377410468319
ADE_train_00023727.jpg,17792,1.5770141676003004
ADE_train_00008812.jpg,14514,22.1466064453125
ADE_train_00022686.jpg,146044,20.942891886930983
ADE_train_00019286.jpg,43764,20.889737470167063
ADE_train_00005542.jpg,19033,5.80841064453125
ADE_train_00012237.jpg,3261,1.5312590978672251
ADE_train_00003168.jpg,329938,7.014584573518157
ADE_train_00002045.jpg,8566,6.052555342796781
ADE_train_00019004.jpg,190832,5.8887860272789
ADE_train_00007507.jpg,154300,4.250688705234159
ADE_train_00015453.jpg,54529,4.437581380208333
ADE_train_00016855.jpg,18465,6.0107421875
ADE_train_00006150.jpg,2687,4.226171752123309
ADE_train_00002054.jpg,310417,25.261800130208336
ADE_train_00024687.jpg,1304,0.4244791666666667
ADE_train_00002366.jpg,11875,5.048894557823129
ADE_train_00001747.jpg,1957,3.9615384615384617
ADE_train_00025118.jpg,167257,8.711302083333333
ADE_train_00007690.jpg,6747,0.3137555803571429
ADE_frame_00000142.jpg,19952,5.004891508842343
ADE_train_00022762.jpg,86168,11.49568818306011
ADE_train_00001655.jpg,15502,1.821086637298091
ADE_train_00001717.jpg,1890,2.8000000000000003
ADE_train_00001680.jpg,4699,4.2679382379654855
ADE_train_00012214.jpg,47662,17.7635158806473
ADE_train_00008808.jpg,9126,13.9251708984375
ADE_train_00005327.jpg,149771,7.800572916666666
ADE_train_00019288.jpg,22816,12.168533333333334
ADE_frame_00000191.jpg,93044,13.342625734214392
ADE_train_00024362.jpg,37179,5.3159029557101025
ADE_train_00009990.jpg,1101,1.67999267578125
ADE_train_00007689.jpg,113651,14.284080397361649
ADE_train_00002274.jpg,10570,7.551726108824875
ADE_train_00003167.jpg,10404,3.8726968174204353
ADE_train_00003189.jpg,2535,6.048387096774194
ADE_train_00020082.jpg,27785,16.68768768768769
ADE_train_00004302.jpg,1303,1.777141298417894
ADE_train_00001797.jpg,36057,3.7434593023255816
ADE_train_00022699.jpg,53188,7.604891105417276
ADE_train_00012241.jpg,8443,4.995857988165681
ADE_train_00001804.jpg,35731,8.3796904315197
ADE_train_00022758.jpg,188824,26.99830710102489
ADE_train_00013811.jpg,1058677,29.16465564738292
ADE_train_00001755.jpg,10830,12.195945945945946
ADE_train_00001805.jpg,26453,8.504693930041151
ADE_train_00022731.jpg,138538,45.097005208333336
ADE_train_00009807.jpg,15781,13.150833333333335
ADE_train_00001974.jpg,530386,19.042466107536764
ADE_train_00020471.jpg,416,0.6162962962962963
ADE_train_00002165.jpg,3955,3.2464867349619118
ADE_train_00024550.jpg,67255,8.967333333333332
ADE_train_00006609.jpg,1305,1.9078947368421053
ADE_train_00010919.jpg,5034,4.743462897526502
ADE_frame_00000005.jpg,43721,11.89687074829932
ADE_train_00022242.jpg,35874,46.7109375
ADE_train_00004377.jpg,2792,1.4890666666666668
ADE_train_00001565.jpg,18067,5.881184895833334
ADE_train_00012236.jpg,6139,3.478186968838527
ADE_train_00003169.jpg,2673,4.07867431640625
ADE_train_00012187.jpg,5362,8.1817626953125
ADE_train_00022761.jpg,30935,4.436117611967695
ADE_train_00001813.jpg,16892,4.164694280078896
ADE_train_00008217.jpg,3566,5.4412841796875
ADE_train_00007685.jpg,24065,6.542691298614793
ADE_train_00001699.jpg,15512,10.805990943921978
ADE_train_00002270.jpg,7112,11.026356589147285
ADE_train_00002157.jpg,19918,11.855952380952381
ADE_train_00003082.jpg,6675,10.18524169921875
ADE_train_00022740.jpg,993086,34.301119093672284
ADE_train_00002198.jpg,19081,13.580782918149467
ADE_train_00001714.jpg,15975,13.617068430563606
ADE_train_00002326.jpg,44412,23.6864
ADE_train_00003091.jpg,257,0.39215087890625
ADE_train_00019599.jpg,8067,4.3024
ADE_train_00003188.jpg,875,4.514963880288958
ADE_train_00000961.jpg,3842,3.6245283018867926
ADE_frame_00000141.jpg,39337,13.191482226693493
ADE_train_00001695.jpg,112129,6.543475723622782
ADE_train_00019104.jpg,4963,2.9807807807807807
ADE_train_00002289.jpg,16797,3.9172108208955225
ADE_train_00001237.jpg,78846,2.5064468383789062
ADE_train_00001811.jpg,34376,17.96076177538598
ADE_train_00005172.jpg,35655,29.7125
ADE_train_00007697.jpg,21021,1.9463888888888887
ADE_train_00002058.jpg,151736,10.347517730496454
ADE_train_00008810.jpg,4443,6.77947998046875
ADE_train_00020279.jpg,58488,19.0390625
ADE_train_00022706.jpg,201879,19.252681732177734
ADE_train_00001640.jpg,89267,2.459146005509642
ADE_train_00023670.jpg,82106,4.276354166666667
ADE_train_00000653.jpg,27726,8.022569444444445
ADE_train_00021166.jpg,120839,8.959711365003006
ADE_train_00015454.jpg,26522,27.03237116764514
ADE_train_00001495.jpg,11256,7.034999999999999
ADE_train_00001703.jpg,8390,8.290513833992094
ADE_train_00020192.jpg,169409,5.385367075602213
ADE_train_00020084.jpg,35402,30.351508916323734
ADE_train_00002377.jpg,5578,7.925547030406365
ADE_train_00009992.jpg,18350,9.34041881725356
ADE_train_00012233.jpg,3219,1.9333333333333333
ADE_train_00016149.jpg,325479,41.38679504394531
ADE_train_00019107.jpg,3823,2.9396386005382547
ADE_train_00024481.jpg,14902,2.1401079963235294
ADE_train_00002143.jpg,72516,22.23053341508277
ADE_train_00020249.jpg,266993,8.394422436018361
ADE_train_00002387.jpg,4993,4.868844466114091
ADE_train_00019172.jpg,33559,11.925728500355365
ADE_train_00024548.jpg,508095,11.20583564906709
ADE_train_00005547.jpg,6981,2.5855555555555556
ADE_train_00012276.jpg,3660,1.3555555555555554
ADE_train_00002295.jpg,6908,10.540771484375
ADE_train_00008214.jpg,1173,1.78985595703125
ADE_train_00002365.jpg,46691,5.937067667643229
ADE_train_00020207.jpg,44460,4.370430879659802
ADE_train_00007684.jpg,7048,5.873333333333333
ADE_train_00001570.jpg,241155,7.854618152634719
ADE_train_00007010.jpg,3515,5.36346435546875
ADE_train_00006148.jpg,1818716,50.10236914600551
ADE_train_00020244.jpg,467821,24.365677083333335
ADE_train_00001721.jpg,6506,6.3829369751196925
ADE_train_00001896.jpg,155544,8.10125
ADE_train_00001668.jpg,30209,3.258493018439517
ADE_train_00002342.jpg,7336,6.000081789555474
ADE_train_00015769.jpg,2798,3.6432291666666665
ADE_train_00002271.jpg,676967,18.649228650137744
ADE_train_00021745.jpg,16215,8.648
ADE_train_00001756.jpg,4956,7.695652173913044
ADE_train_00002333.jpg,92833,49.510933333333334
ADE_train_00009813.jpg,4874,0.48968782150205764
ADE_train_00005676.jpg,276196,14.385208333333333
ADE_train_00011666.jpg,83129,7.16226741521145
ADE_train_00009323.jpg,257864,8.197275797526043
ADE_train_00016152.jpg,7736,9.794016736931393
ADE_train_00023487.jpg,185506,35.78295590447899
ADE_train_00000962.jpg,121900,25.395833333333336
ADE_train_00019602.jpg,15539,8.287466666666667
ADE_train_00001776.jpg,316,0.482177734375
ADE_train_00001786.jpg,369967,11.760934193929035
ADE_train_00002173.jpg,45132,24.0704
ADE_train_00022931.jpg,360011,18.022465317826477
ADE_train_00009811.jpg,12692,7.834567901234568
ADE_train_00011904.jpg,7765,12.325396825396826
ADE_train_00000674.jpg,5683,1.350522813688213
ADE_train_00000655.jpg,10928,3.3005134400483236
ADE_train_00022771.jpg,34230,4.89425100658858
ADE_train_00002176.jpg,5238,4.0629847967731925
ADE_train_00019298.jpg,3856,6.09933565327428
ADE_train_00025115.jpg,30651,8.580522708949207
ADE_train_00022708.jpg,111085,15.790603393377001
ADE_train_00020205.jpg,17139,3.183350514027805
ADE_train_00022663.jpg,49562,10.108092674171969
ADE_frame_00000192.jpg,696600,19.1900826446281
ADE_train_00003058.jpg,30051,6.260625
ADE_train_00005334.jpg,431011,13.701470692952475
ADE_train_00019154.jpg,3437,2.838361232461537
ADE_frame_00000152.jpg,18084,6.068660022148395
ADE_train_00002141.jpg,24127,12.867733333333334
ADE_train_00000668.jpg,69871,16.367831709145428
ADE_train_00008799.jpg,8476,12.933349609375
ADE_train_00019600.jpg,9844,5.891083183722322
ADE_train_00023640.jpg,109015,13.861974080403646
ADE_frame_00000219.jpg,107474,17.862734473944013
ADE_train_00022741.jpg,636378,33.144687499999996
ADE_train_00019147.jpg,1397295,38.49297520661157
ADE_train_00007502.jpg,770,0.3153153153153153
ADE_train_00022690.jpg,24316,3.091939290364583
ADE_train_00001637.jpg,1047,1.5360915492957747
ADE_train_00001651.jpg,47876,1.4834231889446614
ADE_train_00019289.jpg,2868,4.376220703125
ADE_train_00021739.jpg,2409,1.446846846846847
ADE_train_00019183.jpg,21218,6.139467592592593
ADE_train_00001638.jpg,288,0.1875
ADE_train_00009808.jpg,6648,12.908737864077672
ADE_train_00001653.jpg,6319,9.361481481481482
ADE_train_00001751.jpg,8783,12.765988372093023
ADE_train_00011668.jpg,122479,6.379114583333332
ADE_train_00021740.jpg,10543,4.2172
ADE_frame_00000007.jpg,65327,18.502039197915487
ADE_train_00025082.jpg,10611,1.79901123046875
ADE_train_00016766.jpg,623,0.4095989480604865
ADE_train_00019096.jpg,1245,1.8444444444444443
ADE_train_00020734.jpg,222420,6.127272727272727
ADE_train_00012251.jpg,3980,2.248587570621469
ADE_train_00015623.jpg,7779,5.616606498194946
ADE_train_00003114.jpg,134,0.2044677734375
ADE_train_00019194.jpg,59394,4.358143507471229
ADE_train_00022297.jpg,16436,8.765866666666666
ADE_train_00012215.jpg,22467,14.041875000000001
ADE_train_00015288.jpg,6766,1.4095833333333334
ADE_train_00019191.jpg,81532,6.635091145833333
ADE_train_00001687.jpg,32868,1.350949215686597
ADE_train_00003181.jpg,21188,7.847407407407407
ADE_train_00005348.jpg,8511,2.7705078125
ADE_train_00002348.jpg,36930,19.02509891196835
ADE_train_00002170.jpg,22380,11.936
ADE_train_00010000.jpg,15692,23.944091796875
ADE_train_00021747.jpg,145271,11.822184244791668
ADE_train_00002345.jpg,12058,11.290262172284644
ADE_train_00001778.jpg,19952,21.675176534492124
ADE_train_00006615.jpg,120468,7.659149169921875
ADE_train_00005326.jpg,756331,23.43468426597261
ADE_train_00003081.jpg,12,0.006094464195022854
ADE_train_00020078.jpg,105281,8.567789713541666
ADE_train_00002380.jpg,6202,8.075520833333332
ADE_train_00022694.jpg,424451,9.924499625888515
ADE_train_00020086.jpg,16826,14.319512527233117
ADE_train_00019022.jpg,1270,0.8349769888231426
ADE_train_00002284.jpg,430709,13.69187037150065
ADE_train_00006616.jpg,347820,18.115624999999998
ADE_train_00001670.jpg,3614,5.354074074074075
ADE_train_00023730.jpg,13046,1.8653344619326502
ADE_frame_00000027.jpg,428022,11.791239669421488
ADE_train_00002300.jpg,15574,8.306133333333333
ADE_train_00013808.jpg,683557,21.72969182332357
ADE_train_00001754.jpg,3008,4.456296296296296
ADE_train_00012218.jpg,7820,4.170666666666667
ADE_train_00006405.jpg,24330,12.525096525096524
ADE_train_00002463.jpg,165380,6.302591463414633
ADE_train_00008807.jpg,23010,12.272
ADE_train_00011662.jpg,23847,5.7747491845318955
ADE_train_00002196.jpg,18566,11.117365269461079
ADE_train_00007686.jpg,25054,2.0388997395833335
ADE_train_00022680.jpg,226877,32.43917574121522
ADE_train_00001702.jpg,284899,8.815489819914598
ADE_train_00002043.jpg,7278,4.8551072686519365
ADE_train_00002183.jpg,30081,12.981335634912073
ADE_train_00008673.jpg,90095,11.45617167154948
ADE_train_00002146.jpg,19490,8.28656462585034
ADE_train_00024477.jpg,28882,3.933762639470014
ADE_train_00002000.jpg,1345,0.627039627039627
ADE_train_00024787.jpg,37361,5.341925558199121
ADE_train_00012272.jpg,10328,4.303333333333334
ADE_train_00001558.jpg,5148,2.522911051212938
ADE_train_00023133.jpg,141303,20.203691206076137
ADE_train_00001709.jpg,33395,17.763297872340424
ADE_train_00000665.jpg,427917,10.468128640092687
ADE_frame_00000209.jpg,53201,33.99424920127795
ADE_train_00019143.jpg,46676,19.660834182792346
ADE_train_00000654.jpg,28269,6.389918625678119
ADE_train_00025186.jpg,94969,12.07593282063802
ADE_train_00010921.jpg,98690,5.49563450939949
ADE_train_00005562.jpg,605,0.92315673828125
ADE_train_00001571.jpg,4275,4.333941605839416
ADE_train_00022870.jpg,425368,11.718126721763085
ADE_train_00022738.jpg,370529,53.056411519428146
ADE_train_00011667.jpg,6380,7.663663663663664
ADE_frame_00000094.jpg,40737,17.29074702886248
ADE_train_00002389.jpg,18439,9.834133333333334
ADE_train_00004387.jpg,20264,4.221666666666667
ADE_train_00019155.jpg,91,0.13885498046875
ADE_train_00012234.jpg,5963,3.180266666666667
ADE_train_00023733.jpg,124482,17.74663549270073
ADE_train_00012273.jpg,96723,2.669398907103825
ADE_train_00013813.jpg,80139,8.422651265935869
ADE_train_00001800.jpg,37108,3.4359259259259254
ADE_train_00009348.jpg,11480,6.074074074074074
ADE_train_00001679.jpg,86429,3.2937881097560977
ADE_train_00001691.jpg,5487,6.229564032697548
ADE_train_00019786.jpg,11745,13.356912159395899
ADE_train_00001744.jpg,3095,3.9711561902562322
ADE_frame_00000053.jpg,679348,21.9645165399585
ADE_train_00015702.jpg,114047,14.501825968424479
ADE_train_00020080.jpg,1086,1.5083333333333333
ADE_train_00016346.jpg,979,1.597324196443139
ADE_train_00019106.jpg,17391,5.6611328125
ADE_train_00005392.jpg,1879,2.3126153846153845
ADE_train_00002169.jpg,22738,13.656456456456457
ADE_train_00001779.jpg,14256,35.64
ADE_train_00001743.jpg,8456,13.5296
ADE_train_00001884.jpg,50539,2.3397685185185186
ADE_train_00001718.jpg,40231,41.64699792960663
ADE_train_00000662.jpg,152602,14.129814814814814
ADE_train_00001559.jpg,3800,3.1524805043968804
ADE_frame_00000255.jpg,326656,8.998787878787878
ADE_train_00001659.jpg,56873,30.227478076003187
ADE_train_00009995.jpg,1259,1.79667208950538
ADE_train_00001736.jpg,37416,5.34978953147877
ADE_train_00010927.jpg,89193,8.71025390625
ADE_train_00022527.jpg,9089,13.86871337890625
ADE_frame_00000153.jpg,120377,6.768837156995051
ADE_train_00007505.jpg,9082,8.50374531835206
ADE_train_00001560.jpg,18464,8.853087840429612
ADE_train_00009977.jpg,1827,2.78778076171875
ADE_train_00002189.jpg,25070,13.370666666666667
ADE_train_00024482.jpg,85857,11.994953728540771
ADE_train_00022759.jpg,51741,7.39799711749634
ADE_train_00000669.jpg,37510,7.814583333333333
ADE_train_00002299.jpg,25343,10.775085034013605
ADE_train_00001732.jpg,35979,7.965171882471707
ADE_train_00000003.jpg,103332,3.2848358154296875
ADE_train_00022636.jpg,44352,5.6396484375
ADE_train_00005393.jpg,22808,29.241025641025644
ADE_train_00024828.jpg,103784,14.005937921727396
ADE_train_00007683.jpg,1785,0.9520000000000001
ADE_train_00022632.jpg,42591,6.107602560572687
ADE_train_00001660.jpg,82145,2.571531430002504
ADE_train_00022774.jpg,33339,4.7668546394582725
ADE_train_00001661.jpg,20439,2.4079877474081055
ADE_train_00021167.jpg,78092,8.35923785056733
ADE_train_00002184.jpg,11485,6.060686015831135
ADE_train_00019005.jpg,68834,30.950539568345327
ADE_train_00021744.jpg,2967,1.7981818181818183
ADE_train_00003165.jpg,8859,7.407190635451505
ADE_train_00008811.jpg,7883,12.02850341796875
ADE_train_00000652.jpg,50217,7.035873610114778
ADE_train_00001792.jpg,52251,6.6440582275390625
ADE_train_00024547.jpg,14087,4.585611979166666
ADE_train_00022689.jpg,57873,8.27475864751098
ADE_train_00002383.jpg,6130,8.082805907172997
ADE_train_00002171.jpg,9051,5.4035820895522395
ADE_train_00011598.jpg,734,0.2715802715802716
ADE_train_00002339.jpg,18550,7.666302982212524
ADE_train_00010926.jpg,1349,1.498888888888889
ADE_train_00001768.jpg,228809,11.917135416666666
ADE_train_00001719.jpg,15105,27.222102076124564
ADE_train_00002374.jpg,9848,5.551609448108687
ADE_train_00001647.jpg,60135,3.044691422157212
ADE_train_00000960.jpg,278425,8.850892384847004
ADE_train_00008814.jpg,8395,6.995833333333333
ADE_train_00001770.jpg,1870,3.049575994781474
ADE_train_00001777.jpg,30469,20.032215647600264
ADE_train_00008809.jpg,6931,10.57586669921875
ADE_train_00004252.jpg,40781,26.47773016491365
ADE_train_00020233.jpg,3766,2.8465608465608465
ADE_train_00009347.jpg,10285,15.69366455078125
ADE_frame_00000021.jpg,39336,1.8211111111111111
ADE_train_00008813.jpg,5842,5.511320754716982
ADE_train_00024427.jpg,102155,21.282291666666666
ADE_train_00002185.jpg,20414,10.887466666666667
ADE_train_00003080.jpg,256,0.390625
ADE_train_00004244.jpg,95756,2.6379063360881543
ADE_train_00011711.jpg,35167,3.4759892143218627
ADE_train_00024363.jpg,40473,5.786883464494876
ADE_train_00002051.jpg,4117,6.295107033639144
ADE_train_00022687.jpg,50105,6.680666666666666
ADE_train_00012183.jpg,29763,45.41473388671875
ADE_train_00022985.jpg,62557,7.923582401102465
ADE_train_00001723.jpg,16442,19.62614591291062
ADE_train_00002416.jpg,10899,6.545945945945945
ADE_train_00024823.jpg,410115,58.89748965992647
ADE_train_00019196.jpg,124990,3.9733250935872397
ADE_train_00023743.jpg,30164,4.312888909224012
ADE_train_00002154.jpg,11373,6.0656
ADE_train_00004397.jpg,4793,6.3424639407172165
ADE_train_00001734.jpg,32452,42.23321186881832
ADE_train_00023672.jpg,60609,12.626875000000002
ADE_train_00015628.jpg,288719,7.953691460055097
ADE_train_00020589.jpg,11630,9.691666666666666
ADE_train_00002425.jpg,111122,23.15041666666667
ADE_train_00002343.jpg,10562,21.29435483870968
ADE_train_00019146.jpg,802312,35.094552224181854
ADE_train_00013812.jpg,12357,16.216535433070867
ADE_train_00001641.jpg,3735,4.86328125
ADE_train_00016344.jpg,28307,6.765535372848948
ADE_train_00024688.jpg,13840,2.007193409908342
ADE_train_00001672.jpg,240032,9.305827423951479
ADE_train_00010768.jpg,170504,5.412825396825397
ADE_train_00007699.jpg,82158,3.656048914639682
ADE_train_00022725.jpg,43873,6.273019994509517
ADE_train_00008816.jpg,8669,13.22784423828125
ADE_train_00010765.jpg,100599,8.186767578125
ADE_train_00023926.jpg,217973,27.716700236002605
ADE_train_00002062.jpg,194191,15.803304036458332
ADE_train_00016763.jpg,39697,1.1130907116916444
ADE_train_00002148.jpg,14049,18.473372781065088
ADE_train_00001682.jpg,1709,3.2245283018867927
ADE_train_00002168.jpg,22600,7.356770833333333
ADE_train_00007510.jpg,176567,14.369059244791666
ADE_train_00001715.jpg,57097,28.779019949797878
ADE_train_00001766.jpg,5132,4.5351714386709086
ADE_train_00003092.jpg,7929,12.09869384765625
ADE_train_00007698.jpg,662016,34.48
ADE_train_00001646.jpg,54623,1.5047658402203856
ADE_train_00011914.jpg,164504,5.229441324869791
ADE_train_00010978.jpg,4657,7.761666666666667
ADE_train_00019102.jpg,7395,8.57391304347826
ADE_train_00022713.jpg,179313,22.800827026367188
ADE_frame_00000043.jpg,174362,42.635465571205
ADE_train_00012253.jpg,33952,11.617530316717309
ADE_train_00001705.jpg,12536,13.042030794839784
ADE_train_00021741.jpg,5640,3.232091690544413
ADE_train_00019300.jpg,4122,6.2896728515625
ADE_frame_00000045.jpg,674,0.29672022892361877
ADE_train_00005167.jpg,17744,14.786666666666667
ADE_train_00019201.jpg,89404,52.901775147929
ADE_train_00025156.jpg,680656,21.089917580715127
ADE_train_00011670.jpg,40477,1.115068870523416
ADE_train_00019293.jpg,17041,9.088533333333332
ADE_train_00001675.jpg,12235,5.594421582075903
ADE_train_00011597.jpg,7383,2.5187206823027717
ADE_train_00011588.jpg,5636,3.301931008623922
ADE_train_00002057.jpg,35260,2.8694661458333335
ADE_train_00002376.jpg,1880,3.3186231244483673
ADE_train_00025110.jpg,25245,3.2100677490234375
ADE_train_00012188.jpg,3354,5.1177978515625
ADE_train_00002052.jpg,514990,26.822395833333335
ADE_train_00001903.jpg,80017,4.167552083333334
ADE_train_00001592.jpg,11842,4.98082035061745
ADE_train_00001666.jpg,5794,6.682814302191464
ADE_train_00016767.jpg,14845,5.4800841670050575
ADE_train_00006612.jpg,11924,21.232193732193732
ADE_train_00025188.jpg,201157,28.973802774705014
ADE_train_00001995.jpg,507,0.18777777777777777
ADE_train_00002391.jpg,24061,19.09603174603175
ADE_train_00004254.jpg,10869,7.167161226508408
ADE_train_00022764.jpg,154087,19.593175252278648
ADE_train_00005329.jpg,804077,24.98219722860871
ADE_train_00022702.jpg,33625,4.8432026640855455
ADE_train_00002055.jpg,665181,26.511205808080806
ADE_train_00019296.jpg,19906,10.616533333333333
ADE_train_00001696.jpg,528072,14.547438016528927
ADE_train_00020236.jpg,37249,16.688620071684586
ADE_train_00002149.jpg,1663,2.53753662109375
ADE_train_00000673.jpg,19869,3.6672203765227023
ADE_train_00022241.jpg,247631,12.897447916666666
ADE_train_00002277.jpg,15728,6.8004150812867525
ADE_train_00002350.jpg,32657,11.035603736094403
ADE_train_00002335.jpg,27731,6.503517823639775
ADE_frame_00000105.jpg,51972,10.834542452594187
ADE_train_00023136.jpg,76164,10.922012665198238
ADE_train_00004253.jpg,13754,20.376296296296296
ADE_train_00019142.jpg,4356,8.257819905213271
ADE_train_00024074.jpg,43538,11.198045267489713
ADE_train_00004385.jpg,7290,3.888
ADE_frame_00000205.jpg,1394,0.9830054298004373
ADE_train_00023739.jpg,24749,3.146998087565104
ADE_train_00001494.jpg,24759,5.806519699812383
ADE_train_00001710.jpg,55520,22.10411067980492
ADE_train_00006619.jpg,4547,5.25664739884393
ADE_train_00001642.jpg,5542,6.578822412155745
ADE_train_00019292.jpg,10489,5.594133333333334
ADE_frame_00000264.jpg,32576,18.553154651387953
ADE_train_00002268.jpg,1619,2.3985185185185185
ADE_train_00019285.jpg,10166,5.421866666666666
ADE_train_00005338.jpg,28452,3.2604510451045106
ADE_train_00020474.jpg,46622,38.46699669966997
ADE_train_00023925.jpg,242328,34.80124080882353
ADE_train_00022688.jpg,94223,13.472130078696926
ADE_train_00001591.jpg,378,0.3066588785046729
ADE_train_00001733.jpg,7582,18.955
ADE_train_00019101.jpg,3663,5.071300013844663
ADE_train_00008817.jpg,2879,4.39300537109375
ADE_train_00020085.jpg,28319,13.991600790513834
ADE_train_00003166.jpg,4450,6.7901611328125
ADE_train_00007504.jpg,9148,6.776296296296297
ADE_train_00005554.jpg,2101,3.20587158203125
ADE_train_00011665.jpg,333861,9.197272727272727
ADE_train_00022739.jpg,231301,42.833518518518524
ADE_train_00022648.jpg,440056,12.122754820936638
ADE_train_00001692.jpg,272704,8.449649872962757
ADE_train_00002147.jpg,20990,11.194666666666667
ADE_train_00010951.jpg,2756,1.4017740885416665
ADE_train_00001752.jpg,2546,3.8848876953125
ADE_train_00001742.jpg,15399,10.358675617861131
ADE_train_00016343.jpg,6730,2.818257956448911
ADE_train_00022721.jpg,30110,1.9143422444661458
ADE_train_00007692.jpg,5048,0.16047159830729169
ADE_train_00001729.jpg,2827,2.3558333333333334
ADE_train_00008299.jpg,46589,5.924097696940104
ADE_train_00010763.jpg,17134,5.577473958333334
ADE_train_00002142.jpg,22950,7.287379972565159
ADE_train_00019598.jpg,6979,2.3859829059829063
ADE_train_00024254.jpg,50963,7.373119212962963
ADE_train_00001988.jpg,69367,18.497866666666667
ADE_train_00025023.jpg,14247,4.6376953125
ADE_train_00002384.jpg,2506,3.8238525390625
ADE_train_00001948.jpg,23883,11.929570429570429
ADE_train_00019295.jpg,60750,3.1640625
ADE_train_00001684.jpg,11757,6.389673913043478
ADE_train_00011595.jpg,2721,4.947272727272727
ADE_train_00001764.jpg,16443,4.181671142578125
ADE_train_00019205.jpg,7554,12.143132716049383
ADE_train_00014180.jpg,325576,26.495442708333332
ADE_train_00001731.jpg,7766,12.87893864013267
ADE_train_00022772.jpg,116698,14.47327297531936
ADE_train_00001335.jpg,21571,11.504533333333333
ADE_train_00001662.jpg,692,0.8337248948807845
ADE_train_00001671.jpg,189837,8.81077694235589
ADE_train_00025081.jpg,76587,10.95051130124451
ADE_train_00001894.jpg,2646,2.456140350877193
ADE_train_00009997.jpg,12751,10.625833333333333
ADE_train_00001564.jpg,14798,7.955913978494624
ADE_train_00015455.jpg,3237,2.6975
ADE_train_00005556.jpg,637,0.97198486328125
ADE_train_00015775.jpg,4080,6.044444444444444
ADE_train_00020204.jpg,8368,7.879472693032015
ADE_train_00002370.jpg,4726,8.883458646616543
ADE_train_00001737.jpg,11704,10.87732342007435
ADE_train_00001899.jpg,44374,2.5077537254050926
ADE_train_00002334.jpg,24540,10.141836937115652
ADE_train_00005331.jpg,471645,14.64372205663189
ADE_train_00004383.jpg,5435,8.598867196152264
ADE_train_00000666.jpg,22258,8.202387971698114
ADE_train_00019097.jpg,780,1.253858024691358
ADE_train_00025187.jpg,161970,43.574057334710744
ADE_train_00024553.jpg,10744,3.2788085937500004
ADE_train_00011590.jpg,3006,0.978515625
ADE_train_00001796.jpg,127888,10.16610704110704
ADE_train_00001799.jpg,24893,0.791327158610026
ADE_train_00006614.jpg,3757,5.565925925925926
ADE_train_00002144.jpg,34882,12.919259259259258
ADE_train_00002292.jpg,9200,10.874704491725769
ADE_train_00012230.jpg,26442,24.06421492341715
ADE_train_00001664.jpg,2322,3.277346506704305
ADE_train_00001607.jpg,10323,0.5376562500000001
ADE_train_00002294.jpg,1894,2.8900146484375
ADE_train_00002061.jpg,215480,27.399698893229168
ADE_train_00008802.jpg,9181,14.00909423828125
ADE_train_00012221.jpg,6938,2.4065209850849807
ADE_train_00009806.jpg,3662,4.768229166666667
ADE_train_00003170.jpg,6968,6.8418365343073715
ADE_train_00001683.jpg,4300,9.148936170212766
ADE_train_00015460.jpg,25086,10.4525
ADE_frame_00000052.jpg,95644,23.38712832550861
ADE_frame_00000269.jpg,55726,2.046042003231018
ADE_train_00001678.jpg,75532,3.9930555555555554
ADE_train_00024480.jpg,48909,6.2928452322134385
ADE_train_00002406.jpg,25580,7.892625732798519
ADE_train_00023673.jpg,42303,5.3791046142578125
ADE_train_00001730.jpg,16347,24.559795673076923
ADE_train_00012288.jpg,6543,9.98382568359375
ADE_train_00022773.jpg,35707,2.3189977658855927
ADE_train_00001634.jpg,3242,1.947147147147147
ADE_train_00019501.jpg,3355,4.97037037037037
ADE_train_00001712.jpg,64836,15.239572682720445
ADE_train_00004247.jpg,85016,5.337411603985856
ADE_train_00022679.jpg,113451,16.22137513726208
ADE_train_00003176.jpg,35003,16.005029721079104
ADE_train_00008804.jpg,21100,11.253333333333334
ADE_train_00002349.jpg,18310,9.791862753486779
ADE_train_00019178.jpg,4243,3.535833333333333
ADE_train_00001700.jpg,10397,0.330511728922526
ADE_train_00001650.jpg,66780,5.411792163841643
ADE_train_00001745.jpg,7539,7.166009220094102
ADE_train_00022691.jpg,131001,18.043817216149506
ADE_train_00001722.jpg,24981,8.788390501319261
ADE_train_00015461.jpg,23080,7.068587966862165
ADE_train_00022676.jpg,1100701,34.104883187705276
ADE_train_00000661.jpg,50347,4.2632445774817835
ADE_train_00004953.jpg,2083,0.8722780569514237
ADE_train_00002179.jpg,9181,15.365690376569038
ADE_train_00001707.jpg,21057,12.80060790273556
ADE_train_00020588.jpg,15107,22.054014598540146
ADE_train_00001685.jpg,7001,8.684057108125876
ADE_train_00024078.jpg,18384,5.319444444444445
ADE_train_00001740.jpg,9222,2.1506529850746268
ADE_train_00001772.jpg,1917,1.2326388888888888
ADE_train_00004949.jpg,294863,8.122947658402204
ADE_train_00002385.jpg,20679,5.258941650390625
ADE_train_00002369.jpg,1446,1.0228044363965596
ADE_train_00005396.jpg,357,0.46484375
ADE_train_00009320.jpg,87152,8.675777268093782
ADE_train_00002275.jpg,312059,17.635712800202548
ADE_train_00002290.jpg,63801,3.858253145817913
ADE_train_00002050.jpg,125371,10.672143009150883
ADE_train_00002418.jpg,1822,2.7801513671875
ADE_train_00022745.jpg,247633,41.98421902126736
ADE_train_00002049.jpg,326892,9.005289256198347
ADE_train_00002276.jpg,5377,6.11495246326707
ADE_train_00009810.jpg,164,0.0400390625
ADE_train_00022693.jpg,232415,22.78792905998996
ADE_train_00004283.jpg,201725,10.506510416666668
ADE_train_00005417.jpg,227203,7.222588857014974
ADE_train_00001803.jpg,2297,2.9908854166666665
ADE_train_00022736.jpg,95552,31.104166666666664
ADE_train_00005539.jpg,442897,12.201019283746556
ADE_train_00015462.jpg,36061,11.738606770833334
ADE_train_00019297.jpg,19084,6.212239583333334
ADE_train_00021164.jpg,8120,0.42291666666666666
ADE_train_00024825.jpg,183202,8.313231143419824
ADE_train_00002382.jpg,4298,3.581666666666666
ADE_train_00000658.jpg,24499,14.079885057471264
ADE_train_00019513.jpg,4397,2.791746031746032
ADE_train_00019280.jpg,850,1.2592592592592593
ADE_train_00009686.jpg,4259,6.49871826171875
ADE_train_00022704.jpg,38656,10.335828877005348
ADE_train_00012240.jpg,3868,2.323123123123123
ADE_train_00016348.jpg,610,1.2385786802030456
ADE_train_00003186.jpg,8764,13.372802734375
ADE_train_00022737.jpg,770352,45.123711340206185
ADE_train_00005289.jpg,16241,24.78179931640625
ADE_train_00009335.jpg,23361,4.622279382667195
ADE_train_00001989.jpg,2099,2.719616480953615
ADE_train_00019299.jpg,14248,9.367521367521366
ADE_train_00011593.jpg,3300,1.218949118108782
ADE_train_00022734.jpg,191060,39.80416666666667
ADE_train_00012186.jpg,4503,11.2575
ADE_train_00003164.jpg,10427,16.165891472868214
ADE_frame_00000266.jpg,530592,13.726703575309154
ADE_train_00002145.jpg,8320,12.325925925925926
ADE_train_00001888.jpg,316852,8.72870523415978
ADE_train_00001887.jpg,89516,2.8456370035807295
ADE_train_00024555.jpg,22318,2.837880452473958
ADE_train_00002178.jpg,56238,45.323984526112184
ADE_train_00012217.jpg,4813,2.84792899408284
ADE_train_00016148.jpg,30226,32.24106666666667
ADE_train_00012224.jpg,57170,30.490666666666666
ADE_train_00022986.jpg,25565,8.321940104166666
ADE_train_00003066.jpg,728213,20.060964187327823
ADE_train_00001693.jpg,209256,10.89875
ADE_train_00012226.jpg,17750,9.88857938718663
ADE_train_00002288.jpg,390926,10.76931129476584
ADE_train_00005324.jpg,29347,15.527513227513229
ADE_train_00025119.jpg,29772,9.69140625
ADE_frame_00000066.jpg,90094,5.297154280338664
ADE_train_00022763.jpg,57264,8.187683016105417
ADE_train_00019287.jpg,378801,19.72921875
ADE_train_00001493.jpg,16624,8.866133333333332
ADE_train_00023731.jpg,28658,4.085595346715328
ADE_train_00024361.jpg,148034,21.166098554172766
ADE_train_00004840.jpg,145188,4.6154022216796875
ADE_train_00001652.jpg,348626,10.802069777529901
ADE_train_00016341.jpg,146,0.030416666666666668
ADE_train_00022677.jpg,69867,10.004324367668621
ADE_train_00001724.jpg,106164,33.19699812382739
ADE_train_00019284.jpg,14741,7.861866666666667
ADE_train_00003060.jpg,6907,3.975023020257827
ADE_train_00002373.jpg,35022,18.6784
ADE_train_00007694.jpg,13420,0.4266103108723958
ADE_train_00007701.jpg,12713,0.40413538614908856
ADE_frame_00000042.jpg,37577,16.93389934386041
ADE_train_00024076.jpg,27375,4.700781317077359
ADE_frame_00000263.jpg,83946,9.539491627120492
ADE_train_00012250.jpg,7590,4.349570200573066
ADE_train_00001492.jpg,6092,2.8467289719626168
ADE_frame_00000299.jpg,64566,10.954901761172758
ADE_train_00002347.jpg,54529,12.17502165778028
ADE_train_00001798.jpg,145570,4.627545674641928
ADE_train_00005600.jpg,39529,3.216878255208333
ADE_train_00019018.jpg,3695,5.575675267843669
ADE_train_00001681.jpg,5046,2.6840425531914893
ADE_train_00001645.jpg,22425,6.899108422911501
ADE_train_00001807.jpg,83358,8.672284644194757
ADE_train_00001739.jpg,2518,2.098333333333333
ADE_train_00001665.jpg,37334,4.747263590494791
ADE_train_00002060.jpg,29800,35.03285799936518
ADE_train_00022649.jpg,17938,2.5647991398243044
ADE_train_00001503.jpg,577,0.3733178053830228
ADE_train_00001408.jpg,359630,11.613075309483953
ADE_frame_00000154.jpg,40094,9.803892801251957
ADE_train_00003062.jpg,4385,7.457482993197279
ADE_frame_00000265.jpg,152140,49.07741935483871
ADE_train_00022767.jpg,363795,52.168657075991185
ADE_train_00004954.jpg,15162,1.927947998046875
ADE_train_00002371.jpg,4638,6.649462365591398
ADE_train_00023732.jpg,2700,0.34332275390625
ADE_train_00012229.jpg,26223,11.919545454545455
ADE_train_00002273.jpg,28025,5.207172054998142
ADE_train_00001812.jpg,52769,4.431762828588226
ADE_train_00005281.jpg,5824,5.218637992831542
ADE_train_00013807.jpg,376942,11.679432360413955
ADE_train_00013809.jpg,79995,7.780888166085657
ADE_train_00001643.jpg,40091,3.313305785123967
ADE_train_00001738.jpg,15058,7.967195767195767
ADE_train_00021746.jpg,5513,2.9402666666666666
ADE_train_00001808.jpg,7857,6.5475
ADE_train_00024479.jpg,27684,3.52020263671875
ADE_train_00004249.jpg,12563,8.261652988215488
ADE_train_00001780.jpg,3788,4.71877919651199
ADE_train_00001984.jpg,1654,1.098798894557823
ADE_train_00006408.jpg,3664,5.350467289719626
ADE_train_00019510.jpg,3850,2.3123123123123124
ADE_train_00002280.jpg,105211,6.18015742481203
ADE_train_00001648.jpg,16799,5.362672302064113
ADE_train_00005330.jpg,643950,20.007145964083765
ADE_train_00021168.jpg,316181,17.122258757678942
ADE_train_00000659.jpg,21164,4.957218111506958
ADE_train_00002046.jpg,44660,16.54074074074074
ADE_train_00012244.jpg,39869,23.945345345345345
ADE_train_00002336.jpg,26224,3.9613293051359513
ADE_train_00002047.jpg,778020,21.43305785123967
ADE_train_00001783.jpg,49619,15.75566478687192
ADE_train_00024478.jpg,10064,1.4389641288433384
ADE_train_00023734.jpg,80839,6.578694661458333
ADE_train_00010977.jpg,1484,2.264404296875
ADE_train_00012239.jpg,3739,1.9052423464188168
ADE_train_00020444.jpg,269604,8.570480346679688
ADE_train_00004386.jpg,22117,17.742427159543062
ADE_train_00000657.jpg,114720,16.402818448023424
ADE_train_00001491.jpg,27877,9.074544270833334
ADE_train_00016054.jpg,5775,4.780629139072848
ADE_train_00002427.jpg,8589,11.18359375
ADE_train_00001654.jpg,18114,7.3995098039215685
ADE_train_00011669.jpg,54078,1.4897520661157024
ADE_train_00020278.jpg,39920,18.546221532572034
ADE_train_00025155.jpg,18243,4.1087837837837835
ADE_train_00007696.jpg,579,0.6454849498327759
ADE_train_00001686.jpg,70537,7.378347280334728
ADE_frame_00000026.jpg,51228,19.101953151218204
ADE_train_00023924.jpg,151390,21.741440716911764
ADE_train_00014336.jpg,4687,0.9764583333333333
ADE_train_00016349.jpg,239,0.08686360596633036
ADE_train_00002181.jpg,5282,3.1723723723723722
ADE_train_00001769.jpg,44001,17.36808450170519
ADE_frame_00000166.jpg,140073,21.85226209048362
ADE_train_00001644.jpg,73227,7.689327116935483
ADE_train_00003191.jpg,3708,5.657958984375
ADE_train_00001501.jpg,1374,0.6133928571428572
ADE_train_00002186.jpg,1165,1.77764892578125
ADE_train_00002429.jpg,5517,7.18359375
ADE_train_00001551.jpg,20891,4.3189993797808555
ADE_train_00022742.jpg,278795,35.450617472330734
ADE_train_00001749.jpg,2792,4.805342329007607
ADE_train_00012275.jpg,4922,7.5103759765625
ADE_train_00002421.jpg,14169,5.247777777777777
ADE_frame_00000029.jpg,35235,12.893369437939109
ADE_train_00001690.jpg,8158,3.4392917369308598
ADE_train_00011863.jpg,52345,1.6431755399296835
ADE_train_00003174.jpg,18238,6.754814814814815
ADE_train_00019105.jpg,2045,3.887832699619772
ADE_train_00001674.jpg,18603,1.2369015957446807
ADE_train_00001900.jpg,139178,4.424349466959635
ADE_train_00001677.jpg,371,0.4533235581622678
ADE_train_00001636.jpg,1209,1.3433333333333333
ADE_train_00022733.jpg,251414,31.968943277994793
ADE_train_00001669.jpg,4687,6.564425770308123
ADE_train_00024827.jpg,530177,16.427371878292124
ADE_train_00002424.jpg,1517219,41.688689515475346
ADE_train_00019601.jpg,2319,2.3395883777239708
ADE_train_00010925.jpg,33061,2.6905110677083335
ADE_train_00001782.jpg,6175,3.989018087855297
ADE_train_00001708.jpg,23101,8.659844054580896
ADE_train_00001656.jpg,525686,27.379479166666666
ADE_train_00001639.jpg,4221,7.723978919631093
ADE_train_00011599.jpg,1214,0.3951822916666667
ADE_train_00002420.jpg,8785,11.209360485887817
ADE_train_00001725.jpg,28949,15.439466666666668
ADE_train_00001658.jpg,8938,10.208790204678362
ADE_train_00001801.jpg,92780,3.4065207813188425
ADE_frame_00000016.jpg,108633,19.26253635009575
ADE_train_00021743.jpg,6011,3.376966292134832
ADE_frame_00000051.jpg,68927,26.918300398344137
ADE_train_00021492.jpg,267283,33.98679097493489
ADE_train_00022710.jpg,20701,4.312708333333334
ADE_train_00001890.jpg,175862,9.159479166666666
ADE_train_00015458.jpg,18242,7.965938864628821
ADE_train_00016350.jpg,662,1.4085106382978723
ADE_train_00006409.jpg,4685,9.760416666666668
ADE_train_00002285.jpg,21022,7.710534037558685
ADE_train_00002053.jpg,1673045,46.08939393939394
ADE_train_00007691.jpg,402,0.051116943359375
ADE_train_00012184.jpg,12447,18.99261474609375
ADE_train_00007688.jpg,7548,0.393125
ADE_train_00000660.jpg,14765,3.160316780821918
ADE_train_00001334.jpg,27954,16.13599630570307
ADE_train_00015463.jpg,31900,25.639789094650205
ADE_train_00010767.jpg,465239,14.789549509684244
ADE_train_00008818.jpg,1996,3.045654296875
ADE_train_00001971.jpg,159574,4.395977961432507
ADE_train_00001906.jpg,2445,2.9981606376456162
ADE_train_00016151.jpg,18023,15.198765411276586
ADE_train_00002340.jpg,10847,6.3247813411078715
ADE_frame_00000107.jpg,66815,5.437418619791667
ADE_train_00003172.jpg,723,1.10321044921875
ADE_train_00022743.jpg,600469,31.274427083333332
ADE_train_00012232.jpg,24743,14.86066066066066
ADE_train_00020863.jpg,10618,18.97155517438536
ADE_train_00009499.jpg,44168,1.2160123341225704
